{"count":1,"self":13977.6704512,"total":53967.926569999996,"children":{"InitializeActuators":{"count":541429,"self":2.0511236,"total":2.0511235,"children":null},"InitializeSensors":{"count":541429,"self":2.6249564,"total":2.6249564,"children":null},"AgentSendState":{"count":25011984,"self":61.3580672,"total":1505.8934493,"children":{"CollectObservations":{"count":50000129,"self":1047.2706048,"total":1047.2705988,"children":null},"WriteActionMask":{"count":50000129,"self":7.4184632,"total":7.4184635,"children":null},"RequestDecision":{"count":50000129,"self":57.668288,"total":389.8463218,"children":{"AgentInfo.ToProto":{"count":50000129,"self":42.3116896,"total":332.1780343,"children":{"GenerateSensorData":{"count":50000129,"self":289.8663424,"total":289.86634399999997,"children":null}}}}}}},"DecideAction":{"count":25011984,"self":36167.086899199996,"total":36167.0856434,"children":null},"AgentAct":{"count":25011984,"self":2309.1453951999997,"total":2310.0643073,"children":{"AgentInfo.ToProto":{"count":101268,"self":0.16369809999999999,"total":0.9188866,"children":{"GenerateSensorData":{"count":101268,"self":0.75518849999999993,"total":0.75518849999999993,"children":null}}}}},"AgentInfo.ToProto":{"count":362808,"self":0.3769551,"total":2.5363265,"children":{"GenerateSensorData":{"count":362808,"self":2.1593714,"total":2.1593714,"children":null}}}},"gauges":{"DroneAgent.CumulativeReward":{"count":362808,"max":199210.516,"min":-1674.02649,"runningAverage":11304.543,"value":3292.20947,"weightedAverage":8148.21826}},"metadata":{"timer_format_version":"0.1.0","start_time_seconds":"1732824384","unity_version":"2022.3.22f1","command_line_arguments":"C:\\Program Files\\Unity\\Hub\\Editor\\2022.3.22f1\\Editor\\Unity.exe -rebuildlibrary -cloudEnvironment production -projectpath D:\\Akshat\\MDRL","communication_protocol_version":"1.5.0","com.unity.ml-agents_version":"2.0.1","scene_name":"SampleScene","end_time_seconds":"1732878352"}}