{"count":1,"self":18.887719999999998,"total":2372.2564923,"children":{"InitializeActuators":{"count":45,"self":0.0009995,"total":0.0009995,"children":null},"InitializeSensors":{"count":45,"self":0.0010002,"total":0.0010002,"children":null},"AgentSendState":{"count":20851,"self":0.79400909999999991,"total":24.4964572,"children":{"CollectObservations":{"count":938295,"self":14.336019199999999,"total":14.336018399999999,"children":null},"WriteActionMask":{"count":938295,"self":0.099205999999999989,"total":0.099205999999999989,"children":null},"RequestDecision":{"count":938295,"self":0.82331219999999994,"total":9.2672236999999988,"children":{"AgentInfo.ToProto":{"count":938295,"self":0.61724499999999993,"total":8.4439115,"children":{"GenerateSensorData":{"count":938295,"self":7.8266664,"total":7.8266665,"children":null}}}}}}},"DecideAction":{"count":20851,"self":2326.856704,"total":2326.8567447,"children":null},"AgentAct":{"count":20851,"self":1.9445729999999999,"total":1.9445729999999999,"children":null},"AgentInfo.ToProto":{"count":5785,"self":0.0060453999999999994,"total":0.0679982,"children":{"GenerateSensorData":{"count":5785,"self":0.061952799999999995,"total":0.061952799999999995,"children":null}}}},"gauges":{"DroneAgent.CumulativeReward":{"count":5785,"max":176.041733,"min":-105.386292,"runningAverage":22.69874,"value":32.3774452,"weightedAverage":20.6162415}},"metadata":{"timer_format_version":"0.1.0","start_time_seconds":"1724906455","unity_version":"2022.3.22f1","command_line_arguments":"C:\\Program Files\\Unity\\Hub\\Editor\\2022.3.22f1\\Editor\\Unity.exe -projectpath D:\\Akshat\\MDRL -useHub -hubIPC -cloudEnvironment production -licensingIpc LicenseClient-Phoenix -hubSessionId aa3eaa6a-b790-40cd-92ba-7839bb052583 -accessToken K_3FuZw_42kbG0TkrIDA14tuZoFX4Qv-aa-vQ9ccduA00cf","communication_protocol_version":"1.5.0","com.unity.ml-agents_version":"2.0.1","scene_name":"SampleScene","end_time_seconds":"1724908827"}}