{
    "name": "root",
    "gauges": {
        "DroneAgent.Policy.Entropy.mean": {
            "value": 1.4203436374664307,
            "min": 1.4189410209655762,
            "max": 1.4203436374664307,
            "count": 181
        },
        "DroneAgent.Policy.Entropy.sum": {
            "value": 1400.4588623046875,
            "min": 922.3233642578125,
            "max": 1813.4066162109375,
            "count": 181
        },
        "DroneAgent.Environment.EpisodeLength.mean": {
            "value": 1364.0,
            "min": 0.0,
            "max": 1666.0,
            "count": 130
        },
        "DroneAgent.Environment.EpisodeLength.sum": {
            "value": 1364.0,
            "min": 0.0,
            "max": 6683.0,
            "count": 130
        },
        "DroneAgent.Step.mean": {
            "value": 180952.0,
            "min": 961.0,
            "max": 180952.0,
            "count": 181
        },
        "DroneAgent.Step.sum": {
            "value": 180952.0,
            "min": 961.0,
            "max": 180952.0,
            "count": 181
        },
        "DroneAgent.Policy.ExtrinsicValueEstimate.mean": {
            "value": 0.011470768600702286,
            "min": -0.021975357085466385,
            "max": 0.027420714497566223,
            "count": 181
        },
        "DroneAgent.Policy.ExtrinsicValueEstimate.sum": {
            "value": 0.18353229761123657,
            "min": -0.37358108162879944,
            "max": 0.466152161359787,
            "count": 181
        },
        "DroneAgent.Environment.CumulativeReward.mean": {
            "value": 1678.9200973510742,
            "min": -1.0,
            "max": 3919.9502435922623,
            "count": 132
        },
        "DroneAgent.Environment.CumulativeReward.sum": {
            "value": 1678.9200973510742,
            "min": -1.0,
            "max": 10393.590562745929,
            "count": 132
        },
        "DroneAgent.Policy.ExtrinsicReward.mean": {
            "value": 1678.9200973510742,
            "min": -1.0,
            "max": 3919.9502435922623,
            "count": 132
        },
        "DroneAgent.Policy.ExtrinsicReward.sum": {
            "value": 1678.9200973510742,
            "min": -1.0,
            "max": 10393.590562745929,
            "count": 132
        },
        "DroneAgent.Losses.PolicyLoss.mean": {
            "value": 0.2482231323153847,
            "min": 0.2157387082479545,
            "max": 0.2731880334209159,
            "count": 181
        },
        "DroneAgent.Losses.PolicyLoss.sum": {
            "value": 1.9857850585230776,
            "min": 0.4797613166114376,
            "max": 2.1855042673673273,
            "count": 181
        },
        "DroneAgent.Losses.ValueLoss.mean": {
            "value": 2775.330754956024,
            "min": 747.620354595803,
            "max": 5472.721979677288,
            "count": 181
        },
        "DroneAgent.Losses.ValueLoss.sum": {
            "value": 22202.646039648193,
            "min": 4485.722127574818,
            "max": 38013.79812198215,
            "count": 181
        },
        "DroneAgent.Policy.LearningRate.mean": {
            "value": 2.999999999999999e-08,
            "min": 2.9999999999999984e-08,
            "max": 3.0000000000000004e-08,
            "count": 181
        },
        "DroneAgent.Policy.LearningRate.sum": {
            "value": 2.399999999999999e-07,
            "min": 5.999999999999998e-08,
            "max": 2.4e-07,
            "count": 181
        },
        "DroneAgent.Policy.Epsilon.mean": {
            "value": 0.5981951437499999,
            "min": 0.5981951437499999,
            "max": 0.5999942299999999,
            "count": 181
        },
        "DroneAgent.Policy.Epsilon.sum": {
            "value": 4.7855611499999995,
            "min": 1.1999884599999997,
            "max": 4.79852232,
            "count": 181
        },
        "DroneAgent.Policy.Beta.mean": {
            "value": 1.0,
            "min": 1.0,
            "max": 1.0,
            "count": 181
        },
        "DroneAgent.Policy.Beta.sum": {
            "value": 8.0,
            "min": 2.0,
            "max": 8.0,
            "count": 181
        },
        "DroneAgent.IsTraining.mean": {
            "value": 1.0,
            "min": 1.0,
            "max": 1.0,
            "count": 181
        },
        "DroneAgent.IsTraining.sum": {
            "value": 1.0,
            "min": 1.0,
            "max": 1.0,
            "count": 181
        }
    },
    "metadata": {
        "timer_format_version": "0.1.0",
        "start_time_seconds": "1725310458",
        "python_version": "3.10.2 (tags/v3.10.2:a58ebcc, Jan 17 2022, 14:12:15) [MSC v.1929 64 bit (AMD64)]",
        "command_line_arguments": "E:\\Python_Venvs\\mlagents-venv\\Scripts\\mlagents-learn .\\config\\drone_config.yaml --run-id=multiple_instance --env=D:\\Akshat\\MDRL_Case_1_Build\\MDRL.exe --num-envs=10 --no-graphics --force",
        "mlagents_version": "1.0.0",
        "mlagents_envs_version": "1.0.0",
        "communication_protocol_version": "1.5.0",
        "pytorch_version": "2.2.2+cu121",
        "numpy_version": "1.21.2",
        "end_time_seconds": "1725317317"
    },
    "total": 6859.412884099991,
    "count": 1,
    "self": 4.45148549991427,
    "children": {
        "run_training.setup": {
            "total": 2.9666088000521995,
            "count": 1,
            "self": 2.9666088000521995
        },
        "TrainerController.start_learning": {
            "total": 6851.994789800025,
            "count": 1,
            "self": 8.500880397914443,
            "children": {
                "TrainerController._reset_env": {
                    "total": 32.85618639999302,
                    "count": 1,
                    "self": 32.85618639999302
                },
                "TrainerController.advance": {
                    "total": 6809.590010202199,
                    "count": 19411,
                    "self": 4.336479797202628,
                    "children": {
                        "env_step": {
                            "total": 4593.2948412018595,
                            "count": 19411,
                            "self": 818.4271660014638,
                            "children": {
                                "SubprocessEnvManager._take_step": {
                                    "total": 3763.362354994286,
                                    "count": 181893,
                                    "self": 130.9127323788125,
                                    "children": {
                                        "TorchPolicy.evaluate": {
                                            "total": 3632.4496226154733,
                                            "count": 181737,
                                            "self": 3632.4496226154733
                                        }
                                    }
                                },
                                "workers": {
                                    "total": 11.5053202061099,
                                    "count": 19410,
                                    "self": 0.0,
                                    "children": {
                                        "worker_root": {
                                            "total": 67674.66815989796,
                                            "count": 181883,
                                            "is_parallel": true,
                                            "self": 67065.16867309937,
                                            "children": {
                                                "steps_from_proto": {
                                                    "total": 0.0032304999185726047,
                                                    "count": 10,
                                                    "is_parallel": true,
                                                    "self": 0.0013047000393271446,