{
    "name": "root",
    "gauges": {
        "DroneAgent.Policy.Entropy.mean": {
            "value": 1.4223746061325073,
            "min": 1.4189385175704956,
            "max": 1.4223746061325073,
            "count": 1820
        },
        "DroneAgent.Policy.Entropy.sum": {
            "value": 1507.717041015625,
            "min": 482.4454040527344,
            "max": 1816.2718505859375,
            "count": 1820
        },
        "DroneAgent.Step.mean": {
            "value": 1820963.0,
            "min": 960.0,
            "max": 1820963.0,
            "count": 1821
        },
        "DroneAgent.Step.sum": {
            "value": 1820963.0,
            "min": 960.0,
            "max": 1820963.0,
            "count": 1821
        },
        "DroneAgent.Policy.ExtrinsicValueEstimate.mean": {
            "value": 1.2038034200668335,
            "min": 0.011581897735595703,
            "max": 1.516395092010498,
            "count": 1821
        },
        "DroneAgent.Policy.ExtrinsicValueEstimate.sum": {
            "value": 19.260854721069336,
            "min": 0.18531036376953125,
            "max": 25.22066307067871,
            "count": 1821
        },
        "DroneAgent.IsTraining.mean": {
            "value": 1.0,
            "min": 1.0,
            "max": 1.0,
            "count": 1821
        },
        "DroneAgent.IsTraining.sum": {
            "value": 1.0,
            "min": 1.0,
            "max": 1.0,
            "count": 1821
        },
        "DroneAgent.Losses.PolicyLoss.mean": {
            "value": 0.24158967106901466,
            "min": 0.21018452295908915,
            "max": 0.28354818299371437,
            "count": 1819
        },
        "DroneAgent.Losses.PolicyLoss.sum": {
            "value": 1.6911276974831027,
            "min": 0.2588264697946716,
            "max": 2.2045637241816927,
            "count": 1819
        },
        "DroneAgent.Losses.ValueLoss.mean": {
            "value": 371.1195975290106,
            "min": 134.3177843426551,
            "max": 716.8147358327672,
            "count": 1819
        },
        "DroneAgent.Losses.ValueLoss.sum": {
            "value": 2597.837182703074,
            "min": 716.8147358327672,
            "max": 5078.725967822969,
            "count": 1819
        },
        "DroneAgent.Policy.LearningRate.mean": {
            "value": 2.999999999999999e-08,
            "min": 2.9999999999999984e-08,
            "max": 3e-08,
            "count": 1819
        },
        "DroneAgent.Policy.LearningRate.sum": {
            "value": 2.0999999999999992e-07,
            "min": 2.999999999999999e-08,
            "max": 2.699999999999999e-07,
            "count": 1819
        },
        "DroneAgent.Policy.Epsilon.mean": {
            "value": 0.8708726377142858,
            "min": 0.8708726377142858,
            "max": 0.8999785920000002,
            "count": 1819
        },
        "DroneAgent.Policy.Epsilon.sum": {
            "value": 6.096108464,
            "min": 0.8999592319999998,
            "max": 8.003303696,
            "count": 1819
        },
        "DroneAgent.Policy.Beta.mean": {
            "value": 0.1,
            "min": 0.09999999999999998,
            "max": 0.10000000000000003,
            "count": 1819
        },
        "DroneAgent.Policy.Beta.sum": {
            "value": 0.7000000000000001,
            "min": 0.09999999999999998,
            "max": 0.9000000000000002,
            "count": 1819
        },
        "DroneAgent.Environment.EpisodeLength.mean": {
            "value": 1413.0,
            "min": 11.5,
            "max": 1666.0,
            "count": 1335
        },
        "DroneAgent.Environment.EpisodeLength.sum": {
            "value": 2826.0,
            "min": 14.0,
            "max": 5387.0,
            "count": 1335
        },
        "DroneAgent.Environment.CumulativeReward.mean": {
            "value": 2262.599872211615,
            "min": 25.399999141693115,
            "max": 5501.099524497986,
            "count": 1339
        },
        "DroneAgent.Environment.CumulativeReward.sum": {
            "value": 6787.799616634846,
            "min": 45.19999694824219,
            "max": 13383.999085187912,
            "count": 1339
        },
        "DroneAgent.Policy.ExtrinsicReward.mean": {
            "value": 2262.599872211615,
            "min": 25.399999141693115,
            "max": 5501.099524497986,
            "count": 1339
        },
        "DroneAgent.Policy.ExtrinsicReward.sum": {
            "value": 6787.799616634846,
            "min": 45.19999694824219,
            "max": 13383.999085187912,
            "count": 1339
        }
    },
    "metadata": {
        "timer_format_version": "0.1.0",
        "start_time_seconds": "1725339644",
        "python_version": "3.10.2 (tags/v3.10.2:a58ebcc, Jan 17 2022, 14:12:15) [MSC v.1929 64 bit (AMD64)]",
        "command_line_arguments": "E:\\Python_Venvs\\mlagents-venv\\Scripts\\mlagents-learn .\\config\\drone_config.yaml --run-id=survival_reward_1 --force",
        "mlagents_version": "1.0.0",
        "mlagents_envs_version": "1.0.0",
        "communication_protocol_version": "1.5.0",
        "pytorch_version": "2.2.2+cu121",
        "numpy_version": "1.21.2",
        "end_time_seconds": "1725345262"
    },
    "total": 5616.646151700057,
    "count": 1,
    "self": 0.0036203000345267355,
    "children": {
        "run_training.setup": {
            "total": 0.11867649998748675,
            "count": 1,
            "self": 0.11867649998748675
        },
        "TrainerController.start_learning": {
            "total": 5616.523854900035,
            "count": 1,
            "self": 1.0842650095000863,
            "children": {
                "TrainerController._reset_env": {
                    "total": 20.93597890000092,
                    "count": 1,
                    "self": 20.93597890000092
                },
                "TrainerController.advance": {
                    "total": 5594.408120290551,
                    "count": 92741,
                    "self": 0.9202380941133015,
                    "children": {
                        "env_step": {
                            "total": 596.2278649982181,
                            "count": 92741,
                            "self": 447.8080680014682,
                            "children": {
                                "SubprocessEnvManager._take_step": {
                                    "total": 147.80171320191585,
                                    "count": 92741,
                                    "self": 3.5934146025101654,
                                    "children": {
                                        "TorchPolicy.evaluate": {
                                            "total": 144.20829859940568,
                                            "count": 91100,
                                            "self": 144.20829859940568
                                        }
                                    }
                                },
                                "workers": {
                                    "total": 0.6180837948340923,
                                    "count": 92741,
                                    "self": 0.0,
                                    "children": {
                                        "worker_root": {
                                            "total": 5598.417558604968,
                                            "count": 92741,
                                            "is_parallel": true,
                                            "self": 5232.3062869948335,
                                            "children": {
                                                "steps_from_proto": {
                                                    "total": 0.0004925000248476863,
                                                    "count": 1,
                                                    "is_parallel": true,