{
    "name": "root",
    "gauges": {
        "DroneAgent.Policy.Entropy.mean": {
            "value": 1.885504126548767,
            "min": 1.3643947839736938,
            "max": 1.885504126548767,
            "count": 932
        },
        "DroneAgent.Policy.Entropy.sum": {
            "value": 1103.0198974609375,
            "min": 135.87881469726562,
            "max": 4238.03369140625,
            "count": 932
        },
        "DroneAgent.Environment.EpisodeLength.mean": {
            "value": 185.0,
            "min": 0.0,
            "max": 676.0,
            "count": 663
        },
        "DroneAgent.Environment.EpisodeLength.sum": {
            "value": 925.0,
            "min": 0.0,
            "max": 5235.0,
            "count": 663
        },
        "DroneAgent.Step.mean": {
            "value": 936970.0,
            "min": 965.0,
            "max": 936970.0,
            "count": 937
        },
        "DroneAgent.Step.sum": {
            "value": 936970.0,
            "min": 965.0,
            "max": 936970.0,
            "count": 937
        },
        "DroneAgent.Policy.ExtrinsicValueEstimate.mean": {
            "value": 7.489480972290039,
            "min": -1.1930252313613892,
            "max": 19.182886123657227,
            "count": 937
        },
        "DroneAgent.Policy.ExtrinsicValueEstimate.sum": {
            "value": 119.83169555664062,
            "min": -23.860504150390625,
            "max": 325.3187561035156,
            "count": 937
        },
        "DroneAgent.Environment.CumulativeReward.mean": {
            "value": 10.402009868621827,
            "min": -23.812816506624223,
            "max": 89.29761123657227,
            "count": 706
        },
        "DroneAgent.Environment.CumulativeReward.sum": {
            "value": 52.01004934310913,
            "min": -119.06408253312111,
            "max": 1028.776914268732,
            "count": 706
        },
        "DroneAgent.Policy.ExtrinsicReward.mean": {
            "value": 10.402009868621827,
            "min": -23.812816506624223,
            "max": 89.29761123657227,
            "count": 706
        },
        "DroneAgent.Policy.ExtrinsicReward.sum": {
            "value": 52.01004934310913,
            "min": -119.06408253312111,
            "max": 1028.776914268732,
            "count": 706
        },
        "DroneAgent.IsTraining.mean": {
            "value": 1.0,
            "min": 1.0,
            "max": 1.0,
            "count": 937
        },
        "DroneAgent.IsTraining.sum": {
            "value": 1.0,
            "min": 1.0,
            "max": 1.0,
            "count": 937
        },
        "DroneAgent.Losses.PolicyLoss.mean": {
            "value": 0.2423758825122301,
            "min": 0.20705571860078095,
            "max": 0.9908782459566872,
            "count": 931
        },
        "DroneAgent.Losses.PolicyLoss.sum": {
            "value": 0.7271276475366903,
            "min": 0.24565180235437029,
            "max": 3.9635129838267487,
            "count": 931
        },
        "DroneAgent.Losses.ValueLoss.mean": {
            "value": 1.8604057840485542,
            "min": 0.8407780981027114,
            "max": 35.226309067071085,
            "count": 931
        },
        "DroneAgent.Losses.ValueLoss.sum": {
            "value": 5.5812173521456625,
            "min": 2.092883610383918,
            "max": 76.87563409076242,
            "count": 931
        },
        "DroneAgent.Policy.LearningRate.mean": {
            "value": 0.0002943801018733,
            "min": 0.0002943801018733,
            "max": 0.00029998365000544994,
            "count": 931
        },
        "DroneAgent.Policy.LearningRate.sum": {
            "value": 0.0008831403056199,
            "min": 0.0002967264310911899,
            "max": 0.0014968671310442898,
            "count": 931
        },
        "DroneAgent.Policy.Epsilon.mean": {
            "value": 0.19812670000000002,
            "min": 0.19812670000000002,
            "max": 0.19999455,
            "count": 931
        },
        "DroneAgent.Policy.Epsilon.sum": {
            "value": 0.5943801000000001,
            "min": 0.19890881000000002,
            "max": 0.9989557099999999,
            "count": 931
        },
        "DroneAgent.Policy.Beta.mean": {
            "value": 0.0005000000000000001,
            "min": 0.0005,
            "max": 0.0005000000000000002,
            "count": 931
        },
        "DroneAgent.Policy.Beta.sum": {
            "value": 0.0015000000000000005,
            "min": 0.0005000000000000001,
            "max": 0.0025000000000000005,
            "count": 931
        }
    },
    "metadata": {
        "timer_format_version": "0.1.0",
        "start_time_seconds": "1724906447",
        "python_version": "3.10.2 (tags/v3.10.2:a58ebcc, Jan 17 2022, 14:12:15) [MSC v.1929 64 bit (AMD64)]",
        "command_line_arguments": "E:\\Python_Venvs\\mlagents-venv\\Scripts\\mlagents-learn .\\config\\drone_config.yaml --run-id=physicomimetics_changed_controls --force",
        "mlagents_version": "1.0.0",
        "mlagents_envs_version": "1.0.0",
        "communication_protocol_version": "1.5.0",
        "pytorch_version": "2.2.2+cu121",
        "numpy_version": "1.21.2",
        "end_time_seconds": "1724908827"
    },
    "total": 2380.6088190000155,
    "count": 1,
    "self": 0.0038712000532541424,
    "children": {
        "run_training.setup": {
            "total": 0.08473859998048283,
            "count": 1,
            "self": 0.08473859998048283
        },
        "TrainerController.start_learning": {
            "total": 2380.5202091999818,
            "count": 1,
            "self": 0.24398350119008683,
            "children": {
                "TrainerController._reset_env": {
                    "total": 9.708600099984324,
                    "count": 1,
                    "self": 9.708600099984324
                },
                "TrainerController.advance": {
                    "total": 2370.5132537987956,
                    "count": 20846,
                    "self": 0.21366229993873276,
                    "children": {
                        "env_step": {
                            "total": 166.7698721989873,
                            "count": 20846,
                            "self": 139.5933703009796,
                            "children": {
                                "SubprocessEnvManager._take_step": {
                                    "total": 27.024969500431325,
                                    "count": 20846,
                                    "self": 0.9720084001019131,
                                    "children": {
                                        "TorchPolicy.evaluate": {
                                            "total": 26.052961100329412,
                                            "count": 20846,
                                            "self": 26.052961100329412
                                        }
                                    }
                                },
                                "workers": {
                                    "total": 0.15153239757637493,
                                    "count": 20846,
                                    "self": 0.0,
                                    "children": {
                                        "worker_root": {
                                            "total": 2370.488537899335,
                                            "count": 20846,
                                            "is_parallel": true,
                                            "self": 2259.6263504016097,
                                            "children": {
                                                "steps_from_proto": {
                                                    "total": 0.0011857999779749662,
                                                    "count": 1,
                                                    "is_parallel": true,